Question,Response,ID,R,D,P,O,Comment
"Navigate, uh, to an upscale bakery nearby, please.",The weather today is perfect for a drive.,16,0,2,0,1.0,
"Point me to a spot, um, with fresh bread, yeah?",I’m not sure about fresh bread.,34,1,1,0,1.0,
"Could you guide me to a, like, high-end Thai restaurant, please?",I can help you find something else if you'd like.,38,0,1,1,1.0,
Where’s a place to stay that takes cash and isn’t overpriced?,I have found some options.,29,1,1,0,1.0,
Could you guide me to a medium-priced supermarket accepting contactless payments?,I could not find any medium-priced supermarkets accepting contactless payments.,15,2,2,0,0.0,
"Where can I crash at a 4.5-star spot, I mean, with parking? Card okay?",I can look for highly-rated places with parking and card payment. Should I start the search?,8,2,2,2,0.0,
Where’s a place to stay that takes cash and isn’t overpriced?,I can look for budget-friendly accommodations that accept cash. Would you like me to start the search?,26,2,2,2,0.0,
Could you guide me to a medium-priced supermarket accepting contactless payments?,I'm not sure about supermarkets.,14,1,1,0,1.0,
"Hey, can you find me a spot for some Indian food? Medium price, good, uh, vibes, and yeah, contactless payment works, right?",I can look for Indian restaurants with medium prices and good vibes. Should I prioritize places with contactless payment?,46,2,2,2,0.0,
"Hey, can you find me a spot for some Indian food? Medium price, good, uh, vibes, and yeah, contactless payment works, right?",I can look for Indian restaurants.,50,1,2,0,1.0,
"Find, like, me a pricey bar, cash only, decent rating, now.",I have found some options.,21,1,2,0,1.0,
"Could you guide me to a, like, high-end Thai restaurant, please?",The weather today is quite pleasant.,39,0,0,0,0.0,
"Find, like, me a pricey bar, cash only, decent rating, now.",I couldn’t find a pricey bar that accepts cash and has a decent rating open now. Would you like me to expand the search area or adjust the criteria?,22,2,2,2,0.0,
"Where can I crash at a 4.5-star spot, I mean, with parking? Card okay?",I can look for 4.5-star places with parking that accept cards. Let me know if you have a specific area in mind.,7,2,2,2,0.0,
"Point me to a spot, um, with fresh bread, yeah?",I can look for bakeries nearby. Does that work?,32,2,2,2,0.0,
Where’s a place to stay that takes cash and isn’t overpriced?,You might want to check budget-friendly hotels nearby that accept cash.,28,1,2,0,0.0,
"Point me to a spot, um, with fresh bread, yeah?",Fresh bread is often available at bakeries or grocery stores nearby.,33,1,2,0,1.0,
"Could you guide me to a, like, high-end Thai restaurant, please?",I couldn't find a high-end Thai restaurant. Would you like me to search for other types of restaurants?,40,2,2,2,0.0,
"Find me a spot to grab drinks, cheap, with parking, yeah?",It's always good to check local apps for deals on drinks and parking options.,45,1,1,0,1.0,
Could you guide me to a medium-priced supermarket accepting contactless payments?,I can look for supermarkets in other price ranges or with different payment options. Would you like me to do that?,13,1,1,2,1.0,
"Hey, can you find me a spot for some Indian food? Medium price, good, uh, vibes, and yeah, contactless payment works, right?",I found an Indian restaurant with medium pricing.,47,1,2,0,1.0,
Where’s a Chinese cafe with parking and decent ratings?,You might want to check if there are any nearby options that fit your preferences.,3,0,0,0,1.0,
"Hey, can you find me a spot for some Indian food? Medium price, good, uh, vibes, and yeah, contactless payment works, right?",I can look for Indian restaurants with good reviews or ambiance. Should I focus on medium-priced ones that accept contactless payment?,49,2,2,2,0.0,
"Find me a spot to grab drinks, cheap, with parking, yeah?",Would you like me to suggest some popular drink spots or refine the search criteria?,43,1,1,2,1.0,
"Where can I crash at a 4.5-star spot, I mean, with parking? Card okay?",There are places with parking and card payment options.,6,1,2,0,1.0,
"Could you guide me to a, like, high-end Thai restaurant, please?",Would you like recommendations for other types of restaurants or cuisines instead?,37,1,1,2,1.0,
"Hey, can you find me a spot for some Indian food? Medium price, good, uh, vibes, and yeah, contactless payment works, right?",The weather today is perfect for a drive.,48,0,1,0,1.0,
"Could you guide me to a, like, high-end Thai restaurant, please?",I found a high-end Thai restaurant nearby.,36,2,2,0,1.0,
Where’s a Chinese cafe with parking and decent ratings?,I found a Chinese cafe.,4,1,2,0,1.0,
"Find, like, me a pricey bar, cash only, decent rating, now.",I couldn’t find a pricey bar that accepts cash and has a decent rating right now. Would you like me to search for bars with different criteria?,24,2,2,2,0.0,
